"cohort_year","total_customers","total_revenue","customer_revenue"
"2015","2825",14892230.469868412,"5271.59"
"2016","3397",18360521.738402583,"5404.92"
"2017","4068",21979733.96408646,"5403.08"
"2018","7446",36460385.4237634,"4896.64"
"2019","7755",36696243.8765804,"4731.95"
"2020","3031",11921900.968580449,"3933.32"
"2021","4663",18387736.17938562,"3943.33"
"2022","9010",29872808.298764743,"3315.52"
"2023","5890",14979328.333089931,"2543.18"
"2024","1402",2856649.3275427977,"2037.55"
